{
    "Coment": "Last Run: 02/15/21, 08:31:43",
    "NumberOfIndependents": 2,
    "NumberOfDependents": 2,
    "NumberOfCoefficients": 60,
    "SteadyStateTime": 60.0,
    "NewStyle": true,
    "Independents": [
        "u1",
        "u2"
    ],
    "Dependents": [
        "y1",
        "y2"
    ],
    "isRamp": {
        "y1": false,
        "y2": true
    },
    "dGain": {
        "y1": {
            "u1": -4.966310265004573,
            "u2": 0.0
        },
        "y2": {
            "u1": 0.0008333333333333318,
            "u2": -0.001666666666666664
        }
    },
    "Coefficients": {
        "y1": {
            "u1": [
                0.0,
                0.0,
                0.0,
                0.0,
                0.0,
                0.0,
                0.0,
                0.0,
                0.0,
                -0.0,
                -0.4758129,
                -0.9063462,
                -1.295909,
                -1.6484,
                -1.967347,
                -2.255942,
                -2.517073,
                -2.753355,
                -2.967152,
                -3.160603,
                -3.335645,
                -3.494029,
                -3.637341,
                -3.767015,
                -3.884349,
                -3.990517,
                -4.086582,
                -4.173506,
                -4.252157,
                -4.323324,
                -4.387718,
                -4.445984,
                -4.498706,
                -4.54641,
                -4.589575,
                -4.628632,
                -4.663972,
                -4.69595,
                -4.724884,
                -4.751065,
                -4.774754,
                -4.796189,
                -4.815584,
                -4.833134,
                -4.849013,
                -4.863381,
                -4.876382,
                -4.888146,
                -4.89879,
                -4.908422,
                -4.917137,
                -4.925022,
                -4.932157,
                -4.938613,
                -4.944455,
                -4.949741,
                -4.954524,
                -4.958851,
                -4.962767,
                -4.96631
            ],
            "u2": [
                0.0,
                0.0,
                0.0,
                0.0,
                0.0,
                0.0,
                0.0,
                0.0,
                0.0,
                0.0,
                0.0,
                0.0,
                0.0,
                0.0,
                0.0,
                0.0,
                0.0,
                0.0,
                0.0,
                0.0,
                0.0,
                0.0,
                0.0,
                0.0,
                0.0,
                0.0,
                0.0,
                0.0,
                0.0,
                0.0,
                0.0,
                0.0,
                0.0,
                0.0,
                0.0,
                0.0,
                0.0,
                0.0,
                0.0,
                0.0,
                0.0,
                0.0,
                0.0,
                0.0,
                0.0,
                0.0,
                0.0,
                0.0,
                0.0,
                0.0,
                0.0,
                0.0,
                0.0,
                0.0,
                0.0,
                0.0,
                0.0,
                0.0,
                0.0,
                0.0
            ]
        },
        "y2": {
            "u1": [
                0.0008333333,
                0.001666667,
                0.0025,
                0.003333333,
                0.004166667,
                0.005,
                0.005833333,
                0.006666667,
                0.0075,
                0.008333333,
                0.009166667,
                0.01,
                0.01083333,
                0.01166667,
                0.0125,
                0.01333333,
                0.01416667,
                0.015,
                0.01583333,
                0.01666667,
                0.0175,
                0.01833333,
                0.01916667,
                0.02,
                0.02083333,
                0.02166667,
                0.0225,
                0.02333333,
                0.02416667,
                0.025,
                0.02583333,
                0.02666667,
                0.0275,
                0.02833333,
                0.02916667,
                0.03,
                0.03083333,
                0.03166667,
                0.0325,
                0.03333333,
                0.03416667,
                0.035,
                0.03583333,
                0.03666667,
                0.0375,
                0.03833333,
                0.03916667,
                0.04,
                0.04083333,
                0.04166667,
                0.0425,
                0.04333333,
                0.04416667,
                0.045,
                0.04583333,
                0.04666667,
                0.0475,
                0.04833333,
                0.04916667,
                0.05
            ],
            "u2": [
                -0.001666667,
                -0.003333333,
                -0.005,
                -0.006666667,
                -0.008333333,
                -0.01,
                -0.01166667,
                -0.01333333,
                -0.015,
                -0.01666667,
                -0.01833333,
                -0.02,
                -0.02166667,
                -0.02333333,
                -0.025,
                -0.02666667,
                -0.02833333,
                -0.03,
                -0.03166667,
                -0.03333333,
                -0.035,
                -0.03666667,
                -0.03833333,
                -0.04,
                -0.04166667,
                -0.04333333,
                -0.045,
                -0.04666667,
                -0.04833333,
                -0.05,
                -0.05166667,
                -0.05333333,
                -0.055,
                -0.05666667,
                -0.05833333,
                -0.06,
                -0.06166667,
                -0.06333333,
                -0.065,
                -0.06666667,
                -0.06833333,
                -0.07,
                -0.07166667,
                -0.07333333,
                -0.075,
                -0.07666667,
                -0.07833333,
                -0.08,
                -0.08166667,
                -0.08333333,
                -0.085,
                -0.08666667,
                -0.08833333,
                -0.09,
                -0.09166667,
                -0.09333333,
                -0.095,
                -0.09666667,
                -0.09833333,
                -0.1
            ]
        }
    }
}